ID,Class,ClassFileCode,ScheduleFileCode,DateOfClass/StartTime,DateOfClass/EndTime,AbsenteeFileCode1,AbsenteeReason1,AbsenteeFileCode2,AbsenteeReason2,AbsenteeFileCode3,AbsenteeReason3,AbsenteeFileCode4,AbsenteeReason4,AbsenteeFileCode5,AbsenteeReason5,AbsenteeFileCode6,AbsenteeReason6,AbsenteeFileCode7,AbsenteeReason7,AbsenteeFileCode8,AbsenteeReason8,AbsenteeFileCode9,AbsenteeReason9,AbsenteeFileCode10,AbsenteeReason10
5251,Accounting,20ACC02A2,20ACC02WS-6:40PM,2020-03-14 18:40:00,2020-03-14 20:00:00,20ACC02A2-01,UNKNOWN,20ACC02A2-07,UNKNOWN,20ACC02A2-19,UNKNOWN,,,,,,,,,,,,,,
5410,Management of Freight Clearing and Forwarding,19MFF10A2,19MFF10MWF-7PM,2019-12-25 00:00:00,,19MFF08A1-08,LEFT,19MFF08A1-09,LEFT,19MFF10A2-15,UNKNOWN,19MFF10A2-11,UNKNOWN,,,,,,,,,,,,
5412,Management of Freight Clearing and Forwarding,19MFF10A2,19MFF10MWF-7PM,2020-02-14 00:00:00,,19MFF08A1-08,LEFT,19MFF08A1-09,LEFT,19MFF10A2-12,UNKNOWN,19MFF10A2-09,UNKNOWN,19MFF10A2-10,UNKNOWN,19MFF10A2-04,UNKNOWN,19MFF10A2-01,UNKNOWN,,,,,,
5413,Management of Freight Clearing and Forwarding,19MFF10A2,19MFF10MWF-7PM,2020-02-12 00:00:00,,19MFF08A1-08,LEFT,19MFF08A1-09,LEFT,19MFF10A2-15,UNKNOWN,19MFF10A2-12,UNKNOWN,19MFF10A2-09,UNKNOWN,19MFF10A2-10,UNKNOWN,19MFF10A2-04,UNKNOWN,19MFF10A2-01,UNKNOWN,19MFF10A2-13,PERMITTED,,
5414,Management of Freight Clearing and Forwarding,19MFF10A2,19MFF10MWF-7PM,2020-02-05 00:00:00,,19MFF08A1-08,LEFT,19MFF08A1-09,LEFT,19MFF10A2-02,UNKNOWN,19MFF10A2-15,UNKNOWN,19MFF10A2-09,UNKNOWN,19MFF10A2-10,SICK,19MFF10A2-01,UNKNOWN,19MFF10A2-05,UNKNOWN,,,,
5415,Management of Freight Clearing and Forwarding,19MFF10A2,19MFF10MWF-7PM,2020-03-25 00:00:00,,19MFF08A1-08,LEFT,19MFF08A1-09,LEFT,19MFF10A2-15,UNKNOWN,19MFF10A2-12,UNKNOWN,19MFF10A2-09,UNKNOWN,19MFF10A2-01,UNKNOWN,19MFF10A2-11,UNKNOWN,19MFF10A2-13,UNKNOWN,19MFF10A2-03,UNKNOWN,,
5417,Management of Freight Clearing and Forwarding,19MFF10A2,19MFF10MWF-7PM,2020-03-23 00:00:00,,19MFF08A1-08,LEFT,19MFF08A1-09,LEFT,19MFF10A2-02,UNKNOWN,19MFF10A2-15,UNKNOWN,19MFF10A2-01,UNKNOWN,19MFF10A2-05,UNKNOWN,19MFF10A2-13,PERMITTED,19MFF10A2-08,UNKNOWN,19MFF10A2-07,UNKNOWN,,
5421,Management of Freight Clearing and Forwarding,19MFF10A2,19MFF10MWF-7PM,2019-12-02 00:00:00,,19MFF08A1-08,LEFT,19MFF08A1-09,LEFT,,,,,,,,,,,,,,,,
5422,Management of Freight Clearing and Forwarding,19MFF10A2,19MFF10MWF-7PM,2019-12-04 00:00:00,,19MFF08A1-08,LEFT,19MFF08A1-09,LEFT,,,,,,,,,,,,,,,,
6225,2,19MFF08A1,Room-1,2019-10-07 18:30:00,2019-10-07 19:30:00,19MFF08A1-03,D.O,,,,,,,,,,,,,,,,,,
6226,2,19MFF08A1,Room-1,2019-10-09 18:30:00,2019-10-09 19:30:00,19MFF08A1-03,D.O,,,,,,,,,,,,,,,,,,
6227,2,19MFF08A1,Room-1,2019-10-11 18:30:00,2019-10-11 19:30:00,19MFF08A1-03,D.O,,,,,,,,,,,,,,,,,,
6228,2,19MFF08A1,Room-1,2019-10-14 18:30:00,2019-10-14 19:30:00,19MFF08A1-03,D.O,,,,,,,,,,,,,,,,,,
6229,2,19MFF08A1,Room-1,2019-10-16 18:30:00,2019-10-16 19:00:00,19MFF08A1-03,D.O,,,,,,,,,,,,,,,,,,
6230,2,19MFF08A1,Room-1,2019-10-18 18:30:00,2019-10-18 19:30:00,19MFF08A1-03,D.O,19MFF08A1-04,UNKNOWN,,,,,,,,,,,,,,,,
6231,2,19MFF08A1,Room-1,2019-10-21 18:30:00,2019-10-21 19:30:00,19MFF08A1-03,D.O,,,,,,,,,,,,,,,,,,
6232,2,19MFF08A1,Room-1,2019-10-23 18:30:00,2019-10-23 19:30:00,19MFF08A1-03,D.O,,,,,,,,,,,,,,,,,,
6233,2,19MFF08A1,Room-1,2019-10-25 18:30:00,2019-10-25 19:30:00,19MFF08A1-03,D.O,,,,,,,,,,,,,,,,,,
6234,2,19MFF08A1,Room-1,2019-10-28 18:30:00,2019-10-28 19:30:00,19MFF08A1-03,UNKNOWN,,,,,,,,,,,,,,,,,,
6236,2,19MFF08A1,Room-1,2019-10-30 18:30:00,2019-10-30 19:30:00,19MFF08A1-03,D.O,,,,,,,,,,,,,,,,,,
6237,REGULAR,21PVS08A2,ROOM-1,2021-11-20 15:30:00,2021-11-20 16:00:00,21PVS08A2-01,UNKNOWN,21PVS08A2-02,UNKNOWN,21PVS08A2-04,UNKNOWN,21PVS08A2-06,UNKNOWN,21PVS08A2-07,UNKNOWN,21PVS08A2-08,D.O,,,,,,,,
6238,2,20MFF02A1,Lab,2021-04-28 18:30:00,2021-04-28 20:00:00,,,,,,,,,,,,,,,,,,,,
6239,2,20MFF02A1,Lab,2021-05-05 18:30:00,2021-05-05 20:00:00,20MFF02A1-05,UNKNOWN,,,,,,,,,,,,,,,,,,
5468,Management of Travel Agency and Ticketing,19MTT07A15,19MTT07TTS-4PM,2019-07-13 16:00:00,2019-07-13 17:00:00,19MTT07A15-12,UNKNOWN,,,,,,,,,,,,,,,,,,
5469,Management of Travel Agency and Ticketing,19MTT07A15,19MTT07TTS-4PM,2019-07-11 16:00:00,2019-07-11 17:00:00,19MTT07A15-12,UNKNOWN,,,,,,,,,,,,,,,,,,
5470,Management of Travel Agency and Ticketing,19MTT07A15,19MTT07TTS-4PM,2019-07-09 16:00:00,2019-07-09 17:00:00,19MTT07A15-12,UNKNOWN,,,,,,,,,,,,,,,,,,
5471,Management of Travel Agency and Ticketing,19MTT07A15,19MTT07TTS-4PM,2019-07-06 16:00:00,2019-07-06 17:00:00,19MTT07A15-03,UNKNOWN,19MTT07A15-05,UNKNOWN,19MTT07A15-07,PERMITTED,19MTT07A15-11,UNKNOWN,19MTT07A15-12,UNKNOWN,,,,,,,,,,
5472,Management of Travel Agency and Ticketing,19MTT07A15,19MTT07TTS-4PM,2019-07-04 16:00:00,2019-07-04 17:00:00,19MTT07A15-12,UNKNOWN,,,,,,,,,,,,,,,,,,
5473,Management of Travel Agency and Ticketing,19MTT07A16,19MTT07MWF-5PM,2019-07-05 16:00:00,2019-07-05 17:00:00,19MTT07A16-02,LEFT,,,,,,,,,,,,,,,,,,
5474,Management of Travel Agency and Ticketing,19MTT06A12,19MTT06TTS-6PM,2019-07-25 18:00:00,2019-07-25 19:00:00,,,,,,,,,,,,,,,,,,,,
5475,Management of Travel Agency and Ticketing,19MTT06A12,19MTT06TTS-6PM,2019-07-06 18:00:00,2019-07-06 19:00:00,19MTT06A12-18,UNKNOWN,,,,,,,,,,,,,,,,,,
5476,Management of Travel Agency and Ticketing,19MTT06A12,19MTT06TTS-6PM,2019-07-20 18:00:00,2019-07-20 19:00:00,19MTT06A12-05,UNKNOWN,19MTT06A12-07,UNKNOWN,19MTT06A12-10,UNKNOWN,19MTT06A12-12,PERMITTED,19MTT06A12-13,PERMITTED,19MTT06A12-17,PERMITTED,,,,,,,,
5477,Management of Travel Agency and Ticketing,19MTT06A12,19MTT06TTS-6PM,2019-07-18 18:00:00,2019-07-18 19:00:00,19MTT06A12-05,UNKNOWN,19MTT06A12-08,PERMITTED,19MTT06A12-12,PERMITTED,19MTT06A12-15,UNKNOWN,19MTT06A12-18,PERMITTED,,,,,,,,,,
5478,Management of Travel Agency and Ticketing,19MTT06A12,19MTT06TTS-6PM,2019-07-16 18:00:00,2019-07-16 19:00:00,19MTT06A12-05,UNKNOWN,19MTT06A12-08,PERMITTED,19MTT06A12-10,UNKNOWN,19MTT06A12-15,UNKNOWN,19MTT06A12-18,PERMITTED,,,,,,,,,,
5479,Management of Travel Agency and Ticketing,19MTT06A12,19MTT06TTS-6PM,2019-07-11 18:00:00,2019-07-11 19:00:00,19MTT06A12-05,UNKNOWN,19MTT06A12-10,UNKNOWN,19MTT06A12-12,PERMITTED,19MTT06A12-16,UNKNOWN,19MTT06A12-18,UNKNOWN,,,,,,,,,,
5480,Management of Travel Agency and Ticketing,19MTT10A20,20MTT10TTS-4PM,2019-10-19 16:00:00,2019-10-19 17:00:00,19MTT10A20-05,UNKNOWN,19MTT10A20-07,UNKNOWN,19MTT10A20-10,LEFT,19MTT10A20-19,LEFT,,,,,,,,,,,,
5481,Management of Travel Agency and Ticketing,19MTT10A20,20MTT10TTS-4PM,2019-10-17 16:00:00,2019-10-17 17:00:00,19MTT10A20-02,UNKNOWN,19MTT10A20-10,LEFT,19MTT10A20-19,LEFT,,,,,,,,,,,,,,
5482,Management of Travel Agency and Ticketing,19MTT09A18,19MTT09MWF-4PM,2019-09-18 16:00:00,2019-09-18 17:00:00,19MTT09A18-01,UNKNOWN,19MTT09A18-03,LEFT,19MTT09A18-12,UNKNOWN,19MTT09A18-14,LEFT,,,,,,,,,,,,
5483,Management of Travel Agency and Ticketing,19MTT09A18,19MTT09MWF-4PM,2019-09-06 16:00:00,2019-09-06 17:00:00,19MTT09A18-03,LEFT,19MTT09A18-14,LEFT,,,,,,,,,,,,,,,,
5484,Management of Travel Agency and Ticketing,19MTT07A15,19MTT07TTS-4PM,2019-07-23 16:00:00,2019-07-23 17:00:00,,,,,,,,,,,,,,,,,,,,
5485,Management of Travel Agency and Ticketing,19MTT07A15,19MTT07TTS-4PM,2019-07-02 16:00:00,2019-07-02 17:00:00,19MTT07A15-03,UNKNOWN,19MTT07A15-04,UNKNOWN,19MTT07A15-12,UNKNOWN,,,,,,,,,,,,,,
5486,Management of Travel Agency and Ticketing,19MTT10A21,19MTT10TTS-5PM,2019-10-31 17:00:00,2019-10-31 18:00:00,19MTT10A21-03,LEFT,19MTT10A21-05,UNKNOWN,19MTT10A21-08,LEFT,19MTT10A21-09,UNKNOWN,19MTT10A21-14,,,,,,,,,,,
5487,Management of Travel Agency and Ticketing,19MTT10A20,20MTT10TTS-4PM,2019-11-05 16:00:00,2019-11-05 17:00:00,19MTT10A20-02,UNKNOWN,19MTT10A20-09,UNKNOWN,19MTT10A20-10,LEFT,19MTT10A20-18,UNKNOWN,19MTT10A20-19,LEFT,,,,,,,,,,
5488,Management of Travel Agency and Ticketing,19MTT12A24,19MTT12THS-6:40PM,2020-02-20 06:40:00,2020-02-20 08:00:00,19MTT12A24-02,UNKNOWN,19MTT12A24-03,UNKNOWN,19MTT12A24-04,UNKNOWN,19MTT12A24-08,UNKNOWN,19MTT12A24-11,LEFT,,,,,,,,,,
5489,Management of Travel Agency and Ticketing,19MTT10A20,20MTT10TTS-4PM,2019-11-12 16:00:00,2019-11-12 17:00:00,19MTT10A20-05,PERMITTED,19MTT10A20-09,UNKNOWN,19MTT10A20-10,LEFT,19MTT10A20-12,UNKNOWN,19MTT10A20-18,UNKNOWN,19MTT10A20-19,LEFT,,,,,,,,
5490,Management of Travel Agency and Ticketing,19MTT10A20,20MTT10TTS-4PM,2019-11-14 16:00:00,2019-11-14 17:00:00,19MTT10A20-03,UNKNOWN,19MTT10A20-09,UNKNOWN,19MTT10A20-10,LEFT,19MTT10A20-12,UNKNOWN,19MTT10A20-19,LEFT,19MTT10A20-20,PERMITTED,,,,,,,,
5491,Management of Travel Agency and Ticketing,19MTT10A20,20MTT10TTS-4PM,2019-11-16 16:00:00,2019-11-16 17:00:00,19MTT10A20-09,UNKNOWN,19MTT10A20-10,LEFT,19MTT10A20-19,LEFT,,,,,,,,,,,,,,
5492,Management of Travel Agency and Ticketing,19MTT10A20,20MTT10TTS-4PM,2019-11-19 16:00:00,2019-11-19 17:00:00,19MTT10A20-09,UNKNOWN,19MTT10A20-10,LEFT,19MTT10A20-12,UNKNOWN,19MTT10A20-18,UNKNOWN,19MTT10A20-19,LEFT,,,,,,,,,,
5493,Management of Travel Agency and Ticketing,19MTT10A20,20MTT10TTS-4PM,2019-11-21 16:00:00,2019-11-21 17:00:00,19MTT10A20-02,PERMITTED,19MTT10A20-04,PERMITTED,19MTT10A20-09,UNKNOWN,19MTT10A20-10,LEFT,19MTT10A20-19,LEFT,19MTT10A20-21,PERMITTED,,,,,,,,
5494,Management of Travel Agency and Ticketing,19MTT10A20,20MTT10TTS-4PM,2019-11-23 16:00:00,2019-11-23 17:00:00,19MTT10A20-06,PERMITTED,19MTT10A20-09,UNKNOWN,19MTT10A20-10,LEFT,19MTT10A20-12,UNKNOWN,19MTT10A20-14,PERMITTED,19MTT10A20-15,PERMITTED,19MTT10A20-17,UNKNOWN,19MTT10A20-19,LEFT,,,,
5495,Management of Travel Agency and Ticketing,19MTT09A18,19MTT09MWF-4PM,2019-09-23 16:00:00,2019-09-23 17:00:00,19MTT09A18-03,LEFT,19MTT09A18-05,UNKNOWN,19MTT09A18-14,LEFT,,,,,,,,,,,,,,
5496,Management of Travel Agency and Ticketing,19MTT10A21,19MTT10TTS-5PM,2019-10-05 17:00:00,2019-10-05 18:00:00,19MTT10A21-03,LEFT,19MTT10A21-08,LEFT,,,,,,,,,,,,,,,,
5497,Management of Travel Agency and Ticketing,19MTT10A21,19MTT10TTS-5PM,2019-10-10 17:00:00,2019-10-10 18:00:00,19MTT10A21-03,LEFT,19MTT10A21-08,LEFT,19MTT10A21-12,UNKNOWN,,,,,,,,,,,,,,
5498,Management of Travel Agency and Ticketing,19MTT10A21,19MTT10TTS-5PM,2019-10-15 17:00:00,2019-10-15 18:00:00,19MTT10A21-03,LEFT,19MTT10A21-08,LEFT,,,,,,,,,,,,,,,,
5499,Management of Travel Agency and Ticketing,19MTT10A21,19MTT10TTS-5PM,2019-10-19 17:00:00,2019-10-19 18:00:00,19MTT10A21-03,LEFT,19MTT10A21-08,LEFT,19MTT10A21-14,UNKNOWN,,,,,,,,,,,,,,
5500,Management of Travel Agency and Ticketing,19MTT06A12,19MTT06TTS-6PM,2019-06-29 18:00:00,2019-06-29 19:00:00,,,,,,,,,,,,,,,,,,,,
5501,Management of Travel Agency and Ticketing,19MTT11A22,19MTT11TTS-6PM,2019-11-12 18:00:00,2019-11-12 19:00:00,19MTT11A22-16,LEFT,,,,,,,,,,,,,,,,,,
5502,Management of Travel Agency and Ticketing,20MTT09A6,20MTT09TTH-4PM,2020-12-15 17:00:00,2020-12-15 18:20:00,,,,,,,,,,,,,,,,,,,,
5503,Management of Travel Agency and Ticketing,20MTT09A6,20MTT09TTH-4PM,2020-12-10 17:00:00,2020-12-10 18:20:00,20MTT09A6-01,UNKNOWN,20MTT09A6-02,UNKNOWN,,,,,,,,,,,,,,,,
6095,Regular,21ACC06A1,Room-1,2021-06-11 17:00:00,2021-06-11 18:30:00,,,,,,,,,,,,,,,,,,,,
6099,2,20ACC01A1,Lab,2020-02-21 18:40:00,2020-02-21 20:00:00,,,,,,,,,,,,,,,,,,,,
6100,2,20ACC01A1,Lab,2020-02-22 18:40:00,2020-02-22 19:10:00,,,,,,,,,,,,,,,,,,,,
6102,2,21ACC06A1,,2021-06-14 17:00:00,2021-06-14 18:30:00,,,,,,,,,,,,,,,,,,,,
6103,2,21ACC06A1,,2021-06-18 17:00:00,2021-06-18 18:30:00,,,,,,,,,,,,,,,,,,,,
6104,Regular,21ACC06A1,Room-1,2021-06-22 17:00:00,2021-06-22 18:30:00,21ACC06A1-01,UNKNOWN,21ACC06A1-02,UNKNOWN,,,,,,,,,,,,,,,,
6105,Regular,21ACC06A1,Room-1,2021-06-25 17:00:00,2021-06-25 18:30:00,21ACC06A1-02,UNKNOWN,,,,,,,,,,,,,,,,,,
6106,Regular,21ACC06A1,Room-1,2021-06-29 17:00:00,2021-06-29 18:30:00,,,,,,,,,,,,,,,,,,,,
6107,2,21ACC06A1,Room-1,2021-07-30 17:00:00,2021-07-30 18:30:00,21ACC06A1-09,UNKNOWN,,,,,,,,,,,,,,,,,,
6108,2,21ACC06A1,Room-1,2021-07-02 17:00:00,2021-07-02 18:30:00,21ACC06A1-09,UNKNOWN,,,,,,,,,,,,,,,,,,
6109,2,21ACC06A1,Room-1,2021-07-06 17:00:00,2021-07-06 18:30:00,,,,,,,,,,,,,,,,,,,,
6110,2,21ACC06A1,Room-1,2021-07-09 17:00:00,2021-07-09 18:30:00,21ACC06A1-01,UNKNOWN,21ACC06A1-02,UNKNOWN,,,,,,,,,,,,,,,,
6111,2,21ACC06A1,Room-1,2021-07-13 17:00:00,2021-07-13 18:30:00,,,,,,,,,,,,,,,,,,,,
6112,2,21ACC06A1,Room-1,2021-07-16 17:00:00,2021-07-16 18:30:00,,,,,,,,,,,,,,,,,,,,
6113,0,21ACC06A1,Room-1,2021-07-20 17:00:00,2021-07-20 18:30:00,,,,,,,,,,,,,,,,,,,,
6114,2,21ACC06A1,Room-1,2021-07-23 17:00:00,2021-07-23 18:30:00,21ACC06A1-05,UNKNOWN,,,,,,,,,,,,,,,,,,
6115,2,21ACC06A1,Room-1,2021-07-27 17:00:00,2021-07-27 18:30:00,,,,,,,,,,,,,,,,,,,,
6117,2,21ACC06A1,Room-1,2021-08-06 17:00:00,2021-08-06 17:30:00,21ACC06A1-04,UNKNOWN,21ACC06A1-02,UNKNOWN,21ACC06A1-05,UNKNOWN,,,,,,,,,,,,,,
6118,2,21ACC06A1,Room-1,2021-08-13 17:00:00,2021-08-13 18:30:00,21ACC06A1-05,UNKNOWN,21ACC06A1-07,UNKNOWN,,,,,,,,,,,,,,,,
6119,2,21ACC06A1,Room-1,2021-08-17 17:00:00,2021-08-17 18:30:00,21ACC06A1-05,UNKNOWN,,,,,,,,,,,,,,,,,,
6120,2,21ACC06A1,Room-1,2021-08-20 17:00:00,2021-08-20 18:30:00,21ACC06A1-05,UNKNOWN,21ACC06A1-05,UNKNOWN,,,,,,,,,,,,,,,,
6121,2,21ACC06A1,Room-1,2021-08-24 17:00:00,2021-08-24 18:30:00,21ACC06A1-05,UNKNOWN,,,,,,,,,,,,,,,,,,
6122,2,21ACC06A1,Room-1,2021-08-27 17:00:00,2021-08-27 18:30:00,21ACC06A1-02,UNKNOWN,21ACC06A1-05,UNKNOWN,21ACC06A1-05,UNKNOWN,,,,,,,,,,,,,,
6123,2,21ACC06A1,Room-1,2021-08-31 17:00:00,2021-08-31 18:30:00,21ACC06A1-04,UNKNOWN,21ACC06A1-05,UNKNOWN,21ACC06A1-08,UNKNOWN,,,,,,,,,,,,,,
6124,2,21ACC06A1,Room-1,2021-09-03 17:00:00,2021-09-03 18:30:00,21ACC06A1-04,UNKNOWN,21ACC06A1-05,UNKNOWN,,,,,,,,,,,,,,,,
6125,2,21ACC06A1,Room-1,2021-09-07 17:00:00,2021-09-07 18:30:00,21ACC06A1-02,UNKNOWN,21ACC06A1-05,UNKNOWN,21ACC06A1-05,UNKNOWN,21ACC06A1-09,UNKNOWN,21ACC06A1-08,UNKNOWN,,,,,,,,,,
6127,2,21ACC07A3,Room-1,2021-07-19 17:00:00,2021-07-19 18:30:00,,,,,,,,,,,,,,,,,,,,
6128,2,21ACC07A3,Room-1,2021-07-22 17:00:00,2021-07-22 18:30:00,,,,,,,,,,,,,,,,,,,,
6129,2,21ACC07A3,Room-1,2021-07-26 17:00:00,2021-07-26 18:30:00,,,,,,,,,,,,,,,,,,,,
6130,2,21ACC07A3,Room-1,2021-07-29 17:00:00,2021-07-29 18:30:00,,,,,,,,,,,,,,,,,,,,
6373,2,21DME06A1,LAB,2021-06-07 17:00:00,2021-06-07 18:30:00,21DME06A1-02,UNKNOWN,,,,,,,,,,,,,,,,,,
6132,2,21ACC07A3,Room-1,2021-08-05 17:00:00,2021-08-05 18:30:00,,,,,,,,,,,,,,,,,,,,
6133,2,21ACC07A3,Room-1,2021-08-09 17:00:00,2021-08-09 18:30:00,,,,,,,,,,,,,,,,,,,,
6134,2,21ACC07A3,Room-1,2021-08-12 17:00:00,2021-08-12 18:30:00,,,,,,,,,,,,,,,,,,,,
6135,2,21ACC07A3,Room-1,2021-08-16 17:00:00,2021-08-16 18:00:00,,,,,,,,,,,,,,,,,,,,
6136,2,21ACC07A3,room-1,2021-08-19 17:00:00,2021-08-19 18:30:00,21ACC07A3-01,UNKNOWN,21ACC07A3-03,UNKNOWN,,,,,,,,,,,,,,,,
6137,2,21ACC07A3,Room-1,2021-08-23 17:00:00,2021-08-23 18:30:00,,,,,21ACC07A3-01,UNKNOWN,21ACC07A3-02,UNKNOWN,,,,,,,,,,,,
6138,2,21ACC07A3,Room-1,2021-08-26 17:00:00,2021-08-26 18:30:00,21ACC07A3-04,UNKNOWN,,,,,,,,,,,,,,,,,,
6139,2,21ACC07A3,Room-1,2021-08-30 17:00:00,2021-08-30 18:30:00,21ACC07A3-03,UNKNOWN,,,,,,,,,,,,,,,,,,
6140,2,21ACC07A3,Room-1,2021-09-02 17:00:00,2021-09-02 18:30:00,21ACC07A3-09,UNKNOWN,,,,,,,,,,,,,,,,,,
6141,2,21ACC07A3,Room-1,2021-09-06 17:00:00,2021-09-06 18:30:00,21ACC07A3-10,UNKNOWN,,,,,,,,,,,,,,,,,,
