ClassCode,Class,CreditHours,HoursPerWeek,ClassPerWeek,StartDate,EndDate,NoOfStudents,NoOfMales,NoOfFemales,InstructorName,InstructorFileCode,GuestInstructor,ScheduleFileCode,AttendanceFileCode
21ACC06A1,Accounting,36,3,2,2021-06-19 00:00:00,2021-09-20 00:00:00,,,,,,,,
21MTT09A10,Management of Travel Agency and Ticketing,36,3,2,2021-09-09 00:00:00,2021-09-12 00:00:00,,,,,,,,
21ACC09A5,Accounting,36,3,2,2023-09-21 00:00:00,2023-12-21 00:00:00,,,,,,,,
21ACC11A7,Accounting,36,3,2,2021-11-30 00:00:00,2022-02-03 00:00:00,10,2,8,ROBEL,,,,
21MTT11A14,Management of Travel Agency and Ticketing,36,3,2,2021-11-27 00:00:00,2022-02-28 00:00:00,9,0,9,SIRAK M.,,,,
21DME11A5,Management of Digital Marketing and E-Commerce,36,3,2,2021-11-25 00:00:00,2022-02-25 00:00:00,7,2,5,MATHEWOS K.,,,,
21ACC12A8,Accounting,36,3,2,2021-02-12 00:00:00,2022-02-03 00:00:00,16,3,13,SOLOMIE,,,,
21MTT11A5,Management of Travel Agency and Ticketing,36,3,2,2021-12-14 00:00:00,2022-03-14 00:00:00,12,1,11,YONAS,,,,
21MTT11A16,Management of Travel Agency and Ticketing,36,3,2,2021-09-11 00:00:00,2022-09-02 00:00:00,12,0,12,SIRAK M.,,,,
21BMT12A2,Business Management,36,3,2,2021-01-12 00:00:00,2022-01-03 00:00:00,10,3,7,HENOK,,,,
21PVS10A3,Video and Photo Shoot,36,3,2,2021-07-12 00:00:00,2022-07-03 00:00:00,6,6,0,YONATAN M.,,,,
21WEB12A3,Web Development,36,3,2,2021-08-12 00:00:00,2022-08-03 00:00:00,4,3,1,MATIWOS K.,,,,
21DME12A6,Management of Digital Marketing and E-Commerce,36,3,2,2021-10-25 00:00:00,2022-01-25 00:00:00,6,2,4,MATHEWOS K.,,,,
21MFF12A5,Management of Freight Clearing and Forwarding,36,3,2,2021-07-12 00:00:00,2022-07-03 00:00:00,5,0,6,HAILEMICHAEL,,,,
21OMT12A4,Office Management,36,6,5,2021-01-11 00:00:00,2022-01-02 00:00:00,15,6,9,,,,,
21PMT-ACC-MFF10,,,,,,,1,1,0,,,,,
22MTT01A1,Management of Travel Agency and Ticketing,36,3,2,2022-12-01 00:00:00,2022-12-04 00:00:00,16,0,16,SIRAK M.,,,,
22ACC01A1,Accounting,36,3,2,2022-06-01 00:00:00,2022-06-04 00:00:00,16,0,16,,,,,
22OMT01A1,Office Management,36,3,2,2022-01-18 00:00:00,2022-04-18 00:00:00,5,1,4,SIRAK A.,,,,
22DME01A1,Management of Digital Marketing and E-Commerce,36,3,2,2022-01-14 00:00:00,2022-04-14 00:00:00,7,5,2,MATHEWOS K.,,,,
22ACC01A2,Accounting,36,3,2,2022-01-15 00:00:00,2022-04-15 00:00:00,16,2,14,SOLOMOIE,,,,
22MTT01A2,Management of Travel Agency and Ticketing,36,3,2,2022-01-31 00:00:00,2022-04-29 00:00:00,7,0,7,SIRAK M.,,,,
22ACC01A3,Accounting,36,3,2,2022-01-26 00:00:00,2022-04-26 00:00:00,8,4,4,ROBEL T.,,,,
22MTT02A3,Management of Travel Agency and Ticketing,36,3,2,2022-10-02 00:00:00,2022-10-05 00:00:00,11,0,11,SIRAK M.,,,,
22WEB02A1,Web Development,36,3,2,2022-02-15 00:00:00,2022-05-16 00:00:00,8,2,6,ALI H.,,,,
22ACC02A4,Accounting,36,3,2,2022-02-28 00:00:00,2022-02-06 00:00:00,6,3,3,ROBEL.T,,,,
22BMT02A1,Business Management,36,3,2,2022-05-02 00:00:00,2022-05-05 00:00:00,12,6,6,DANIEL M.,,,,
22DME02A2,Management of Digital Marketing and E-Commerce,36,3,2,2022-02-21 00:00:00,2022-05-21 00:00:00,,1,,MATHEWOS K.,,,,
22MTT03A4,Management of Travel Agency and Ticketing,36,3,2,2022-11-03 00:00:00,2022-10-06 00:00:00,20,1,19,,,,,
22PVS02A1,Video and Photo Shoot,36,3,2,2022-02-28 00:00:00,2022-05-30 00:00:00,8,6,2,JONATHAN M.,,,,
22PVS03A2,Video and Photo Shoot,36,3,2,2022-03-15 00:00:00,2022-06-15 00:00:00,6,5,1,,,,,
22PMT03A1,Project Management,36,3,2,2022-05-03 00:00:00,2022-04-06 00:00:00,8,6,2,,,,,
22ACC03A5,Accounting,36,3,2,2022-03-03 00:00:00,2022-03-06 00:00:00,14,4,10,,,,,
22MFF03A1,Management of Freight Clearing and Forwarding,36,3,2,2022-03-17 00:00:00,2022-06-17 00:00:00,4,2,2,,,,,
19ACC08A1,Accounting,36,3,3,2019-08-05 00:00:00,2019-11-05 00:00:00,10,2,8,MICHAEL BERHE,,,19ACC08MWF-3PM,
20ACC08A3,Accounting,31,3,3,2020-08-05 00:00:00,2020-11-05 00:00:00,8,5,3,BINIAM TESFALDET,,,20ACC08MWF-3PM,
20ACC02A2,Video and Photo Shoot,8,3,2,2020-02-29 00:00:00,2020-05-29 00:00:00,21,10,11,BINIAM TESFALDET,,,20ACC02WS-6:40PM,
20ACC01A1,Accounting,11,3,2,2021-02-11 00:00:00,2022-02-02 00:00:00,9,3,6,MICHAEL BERHE,,,20ACC01FS-6:40PM,
19DME10A2,Management of Digital Marketing and E-Commerce,16,3,2,2019-02-10 00:00:00,2020-02-01 00:00:00,14,6,8,FANUEL TEKESTE,,,19DME10MWF-4PM,
20DME03A2,Management of Digital Marketing and E-Commerce,36,3,2,2020-03-20 00:00:00,2020-06-20 00:00:00,10,2,8,FANUEL TEKESTE,,,20DME03TF-5PM,
20DME01A1,Management of Digital Marketing and E-Commerce,36,3,2,2020-01-14 00:00:00,2020-04-14 00:00:00,19,11,8,FANUEL TEKESTE,,,20DME01TTH-4&5PM,
20MFF02A3,Management of Freight Clearing and Forwarding,48,3,2,2020-02-25 00:00:00,2020-05-25 00:00:00,6,3,3,"SOLOMON GEBREZGABHIER,",,"CAPTAIN NAOD BTSUAMLAK, ALEM FTUR",,
19MFF08A1,Management of Travel Agency and Ticketing,48,3,3,2019-08-05 00:00:00,2019-11-05 00:00:00,9,8,1,SENAY TEWELDE,,CAPTAIN NAOD BTSUAMLAK,,
19MFF10A2,Management of Freight Clearing and Forwarding,48,3,3,2019-10-02 00:00:00,2020-01-02 00:00:00,16,11,5,SENAY TEWELDE,,"CAPTAIN NAOD BTSUAMLAK, NAIB, ALEM FTUR",,
18MTT11B4,Management of Travel Agency and Ticketing,36,3,3,2018-11-13 00:00:00,2019-02-13 00:00:00,16,0,16,SIRAK MEDHANIE,,,,
18MTT11B3,Management of Travel Agency and Ticketing,36,3,3,2018-11-05 00:00:00,2019-02-05 00:00:00,22,1,21,SIRAK MEDHANIE,,,,
18MTT10B2,Management of Travel Agency and Ticketing,36,3,3,2018-10-01 00:00:00,2019-01-01 00:00:00,10,0,10,SIRAK MEDHANIE,,,,
18MTT08B1,Management of Travel Agency and Ticketing,36,3,3,2018-08-20 00:00:00,2018-11-20 00:00:00,8,3,5,SIRAK MEDHANIE,,,,
19MTT01A1,Management of Digital Marketing and E-Commerce,15,3,3,2018-12-25 00:00:00,2019-01-26 00:00:00,16,0,16,SIRAK MEDHANIE,,,19MTT01TTS-6PM,
19MTT04A8,Management of Travel Agency and Ticketing,17,3,3,2020-10-01 00:00:00,2021-06-30 00:00:00,17,0,17,SIRAK MEDHANIE,,,19MTT04MWF-4PM,
19MTT05A10,Management of Travel Agency and Ticketing,21,3,3,2019-06-05 00:00:00,2019-06-08 00:00:00,15,1,14,SIRAK MEDHANIE,,,19MTT05MWF-5PM,
19MTT04A7,Management of Travel Agency and Ticketing,20,3,3,2019-04-05 00:00:00,2019-05-24 00:00:00,15,1,14,SIRAK MEDHANIE,,,19MTT04MWF-6PM,
19MTT05A1,Management of Travel Agency and Ticketing,36,3,3,,,11,1,10,SIRAK MEDHANIE,,,,
19MTT06A12,Management of Travel Agency and Ticketing,23,3,3,2019-06-04 00:00:00,2019-07-25 00:00:00,18,0,18,SIRAK MEDHANIE,,,19MTT06TTS-6PM,
19MTT03A5,Management of Travel Agency and Ticketing,20,3,3,2019-03-05 00:00:00,2019-04-27 00:00:00,15,,15,SIRAK MEDHANIE,,,,
20MTT03D5,Management of Travel Agency and Ticketing,36,3,2,2020-03-23 00:00:00,2020-06-23 00:00:00,7,1,6,SIRAK MEDHANIE,,,,
19MTT04A9,Management of Travel Agency and Ticketing,21,3,3,2019-04-18 00:00:00,2019-06-15 00:00:00,17,0,17,SIRAK MEDHANIE,,,19MTT04TTS-4PM,
19MTT06C14,Management of Freight Clearing and Forwarding,36,3,3,2019-06-01 00:00:00,2019-09-01 00:00:00,18,3,15,SIRAK MEDHANIE,,,,
19MTT06A11,Office Management,24,3,3,2021-08-14 00:00:00,2021-11-15 00:00:00,8,0,8,SIRAK MEDHANIE,,,19MTT06TTS-5PM,
19MTT02A2,Management of Travel Agency and Ticketing,19,3,3,2019-01-08 00:00:00,2019-02-23 00:00:00,10,1,9,SIRAK MEDHANIE,,,19MTT02TTS-5PM,
19MTT01A2,Management of Travel Agency and Ticketing,36,3,3,2019-01-08 00:00:00,2019-04-08 00:00:00,18,2,16,SIRAK MEDHANIE,,,19MTT01MWF-6P,
19MTT02A4,Management of Travel Agency and Ticketing,21,3,3,2019-02-20 00:00:00,2019-04-12 00:00:00,8,1,7,SIRAK MEDHANIE,,,19MTT02MWF-5PM,
20MTT12D6,Management of Travel Agency and Ticketing,36,3,2,,,6,0,6,SIRAK MEDHANIE,,,20MTT12MW-4PM,
20MTT03D6,Management of Travel Agency and Ticketing,36,3,2,2020-03-23 00:00:00,2020-06-23 00:00:00,12,0,12,SIRAK MEDHANIE,,,,
20MTT08D7,Management of Travel Agency and Ticketing,36,3,2,2020-08-04 00:00:00,2020-11-04 00:00:00,7,0,7,SIRAK MEDHANIE,,,,
20MTT12D-01,Management of Travel Agency and Ticketing,36,3,2,,,6,0,6,,,,20MTT12MW-4PM,
19MTT06A13,Management of Travel Agency and Ticketing,22,3,3,2019-06-03 00:00:00,2019-07-24 00:00:00,16,1,15,SIRAK MEDHANIE,,,19MTT06MWF-4PM,
19MTT07A14,Management of Travel Agency and Ticketing,23,3,2,2019-07-03 00:00:00,2019-08-23 00:00:00,20,3,17,SIRAK MEDHANIE,,,19MTT07MWF-6PM,
20MTT01D1,Management of Travel Agency and Ticketing,36,3,2,2020-01-10 00:00:00,0203-04-10 00:00:00,18,1,17,SIRAK MEDHANIE,,,,
20MTT01D2,Management of Travel Agency and Ticketing,36,3,2,2020-01-10 00:00:00,2020-04-10 00:00:00,22,0,22,SIRAK MEDHANIE,,,,
20MTT02D3,Management of Travel Agency and Ticketing,36,3,2,2020-02-18 00:00:00,2020-05-18 00:00:00,18,3,15,SIRAK MEDHANIE,,,,
19MTT03A6,Management of Travel Agency and Ticketing,21,3,3,2019-03-16 00:00:00,2019-05-04 00:00:00,13,2,11,SIRAK MEDHANIE,,,19MTT03TTS-5PM,
20MTT11D10,Management of Travel Agency and Ticketing,36,3,2,,,7,3,4,SIRAK AMANUEL,,,20MTT11MTH-9AM,
19MTT02A3,Management of Travel Agency and Ticketing,13,3,3,2019-05-08 00:00:00,2019-05-11 00:00:00,14,1,13,SIRAK MEDHANIE,,,19MTT02MWF-4PM,
20MTT09D8,Management of Travel Agency and Ticketing,36,3,2,2020-09-28 00:00:00,2020-12-28 00:00:00,5,0,5,SIRAK MEDHANIE,,,,
20MTT09D9,Management of Travel Agency and Ticketing,36,3,2,,,13,0,13,SIRAK MEDHANIE,,,,
19MTT07A15,Management of Travel Agency and Ticketing,23,3,2,2019-07-02 00:00:00,2019-08-24 00:00:00,12,1,11,SIRAK MEDHANIE,,,19MTT07TTS-4PM,
19MTT07A16,Management of Travel Agency and Ticketing,23,3,2,2019-07-01 00:00:00,2019-08-23 00:00:00,16,0,16,SIRAK MEDHANIE,,,19MTT07MWF-5PM,
19MTT10C19,Management of Travel Agency and Ticketing,36,3,2,2019-10-23 00:00:00,2020-01-23 00:00:00,20,0,20,SIRAK MEDHANIE,,,,
19MTT11C20,Management of Travel Agency and Ticketing,36,3,2,2019-11-19 00:00:00,2020-02-19 00:00:00,17,1,16,SIRAK MEDHANIE,,,,
20MTT03D4,Management of Travel Agency and Ticketing,36,3,2,2020-03-04 00:00:00,2020-06-04 00:00:00,23,3,20,SIRAK MEDHANIE,,,,
20PM01A1,Project Management,36,3,3,2020-01-15 00:00:00,2020-04-15 00:00:00,3,2,1,NAHOM,,,,
20PM03A2,Project Management,36,3,2,2020-03-10 00:00:00,2020-06-10 00:00:00,4,3,1,,,,,
20VPS01A1,Video and Photo Shoot,24,3,3,2020-01-15 00:00:00,2020-04-15 00:00:00,5,4,1,NEGASH,,,20VPS01MW-3PM,
20VPS03A2,Accounting,36,3,3,2020-03-18 00:00:00,2020-06-18 00:00:00,3,3,0,NEGASH,,,,
19WEB10A1,Web Development,36,3,3,2020-02-05 00:00:00,2020-03-19 00:00:00,7,3,4,FANUEL TEKESTE,,,19WEB10MTH-4PM,
20WEB03A1,Web Development,36,3,2,2020-03-07 00:00:00,2020-07-03 00:00:00,8,4,4,FANUEL TEKESTE,,,20WEB03WS-5PM,
20WEB03A1-2,Web Development,,,,,,,,,,,,,
21MTT10A12,Management of Travel Agency and Ticketing,36,3,2,2021-06-11 00:00:00,2022-07-02 00:00:00,11,1,10,Sirak Medhanie,,,,
21ACC10A6,Accounting,36,3,2,2021-10-29 00:00:00,2022-01-29 00:00:00,11,2,9,,,,,
21MTT10A11,Management of Travel Agency and Ticketing,36,3,2,2021-10-16 00:00:00,2022-01-17 00:00:00,15,0,15,,,,,
21DME10A4,Management of Digital Marketing and E-Commerce,36,3,2,2028-10-21 00:00:00,2028-01-22 00:00:00,7,1,6,Mathewos Tekeste,,,,
21BMT09A1,Business Management,36,3,2,2023-09-21 00:00:00,2023-12-21 00:00:00,11,1,10,Henok Kidus,,,,
21DME06A1,Management of Digital Marketing and E-Commerce,36,3,2,2021-06-19 00:00:00,2021-09-20 00:00:00,10,4,6,MATHEWOS K.,,,,
21MTT06A3,Management of Travel Agency and Ticketing,36,3,2,2021-07-29 00:00:00,2021-10-29 00:00:00,10,2,8,,,,,
21MTT07A5,Management of Travel Agency and Ticketing,36,3,2,2021-08-25 00:00:00,2021-11-25 00:00:00,9,,,SIRAK M.,,,,
21ACC03A1,Accounting,36,3,2,2020-02-21 00:00:00,2021-08-23 00:00:00,15,9,6,Biniam T.,,,,
22BMT03A2,Business Management,36,3,2,2022-03-18 00:00:00,2022-06-21 00:00:00,6,2,4,HENOK K.,,,,
22TAL03A1,TALLY,12,3,2,2022-06-04 00:00:00,2022-05-18 00:00:00,5,3,2,,,,,
22DME04A4,Management of Digital Marketing and E-Commerce,36,3,2,2022-04-26 00:00:00,2022-07-26 00:00:00,10,2,8,,,,,
