ScheduleFileCode,Class,ClassFileCode,DayOne,DayTwo,DayThree,TimeOne,TimeTwo,TimeThree,Room,InstructorName,InstructorFileCode
19MTT02TTS-4PM,Management of Travel Agency and Ticketing,19MTT02A3,TUESDAY,THURSDAY,SATURDAY,1899-12-30 16:00:00,1899-12-30 16:00:00,1899-12-30 16:00:00,1,SIRAK MEDHANIE,
19MTT02TTS-5PM,Management of Travel Agency and Ticketing,19MTT02A2,TUESDAY,THURSDAY,SATURDAY,1899-12-30 17:00:00,1899-12-30 17:00:00,1899-12-30 17:00:00,1,SIRAK MEDHANIE,
19MTT03TTS-5PM,Management of Travel Agency and Ticketing,19MTT03A6,TUESDAY,THURSDAY,SATURDAY,1899-12-30 17:00:00,1899-12-30 17:00:00,1899-12-30 17:00:00,1,SIRAK MEDHANIE,
19MTT03TTS-6PM,Management of Travel Agency and Ticketing,19MTT03A5,TUESDAY,THURSDAY,SATURDAY,1899-12-30 18:00:00,1899-12-30 18:00:00,1899-12-30 18:00:00,1,SIRAK MEDHANIE,
19MTT04MWF-4PM,Management of Travel Agency and Ticketing,19MTT04A8,MONDAY,WEDNESDAY,FRIDAY,1899-12-30 16:00:00,1899-12-30 16:00:00,1899-12-30 16:00:00,1,SIRAK MEDHANIE,
19MTT04MWF-6PM,Management of Travel Agency and Ticketing,19MTT04A7,MONDAY,WEDNESDAY,FRIDAY,1899-12-30 18:00:00,1899-12-30 18:00:00,1899-12-30 18:00:00,1,SIRAK MEDHANIE,
19MTT04TTS-4PM,Management of Travel Agency and Ticketing,19MTT04A9,TUESDAY,THURSDAY,SATURDAY,1899-12-30 16:00:00,1899-12-30 16:00:00,1899-12-30 16:00:00,1,SIRAK MEDHANIE,
19MTT05MWF-5PM,Management of Travel Agency and Ticketing,19MTT05A10,MONDAY,WEDNESDAY,FRIDAY,1899-12-30 17:00:00,1899-12-30 17:00:00,1899-12-30 17:00:00,1,SIRAK MEDHANIE,
19MTT06MWF-4PM,Management of Travel Agency and Ticketing,19MTT06A13,MONDAY,WEDNESDAY,FRIDAY,1899-12-30 16:00:00,1899-12-30 16:00:00,1899-12-30 16:00:00,1,SIRAK MEDHANIE,
19MTT06TTS-5PM,Management of Travel Agency and Ticketing,19MTT06A11,TUESDAY,THURSDAY,SATURDAY,1899-12-30 17:00:00,1899-12-30 17:00:00,1899-12-30 17:00:00,1,SIRAK MEDHANIE,
19MTT06TTS-6PM,Management of Travel Agency and Ticketing,19MTT06A12,TUESDAY,THURSDAY,SATURDAY,1899-12-30 18:00:00,1899-12-30 18:00:00,1899-12-30 18:00:00,1,SIRAK MEDHANIE,
19MTT07MWF-5PM,Management of Travel Agency and Ticketing,19MTT07A16,MONDAY,WEDNESDAY,FRIDAY,1899-12-30 17:00:00,1899-12-30 17:00:00,1899-12-30 17:00:00,1,SIRAK MEDHANIE,
19MTT07MWF-6PM,Management of Travel Agency and Ticketing,19MTT07A14,MONDAY,WEDNESDAY,FRIDAY,1899-12-30 18:00:00,1899-12-30 18:00:00,1899-12-30 18:00:00,1,SIRAK MEDHANIE,
19MTT07TTS-4PM,Management of Travel Agency and Ticketing,19MTT07A15,TUESDAY,THURSDAY,SATURDAY,1899-12-30 16:00:00,1899-12-30 16:00:00,1899-12-30 16:00:00,1,SIRAK MEDHANIE,
19MTT08TTS-5PM,Management of Travel Agency and Ticketing,19MTT08A17,TUESDAY,THURSDAY,SATURDAY,1899-12-30 17:00:00,1899-12-30 17:00:00,1899-12-30 17:00:00,1,SIRAK MEDHANIE,
19MTT09MWF-4PM,Management of Travel Agency and Ticketing,19MTT09A18,MONDAY,WEDNESDAY,FRIDAY,1899-12-30 16:00:00,1899-12-30 16:00:00,1899-12-30 16:00:00,1,SIRAK MEDHANIE,
19MTT09TTS-6PM,Management of Travel Agency and Ticketing,19MTT09A19,MONDAY,WEDNESDAY,FRIDAY,1899-12-30 18:00:00,1899-12-30 18:00:00,1899-12-30 18:00:00,1,SIRAK MEDHANIE,
19MTT10TTS-5PM,Management of Travel Agency and Ticketing,19MTT10A21,TUESDAY,THURSDAY,SATURDAY,1899-12-30 17:00:00,1899-12-30 17:00:00,1899-12-30 17:00:00,1,SIRAK MEDHANIE,
19MTT11MWF-6PM,Management of Travel Agency and Ticketing,19MTT11A23,MONDAY,WEDNESDAY,FRIDAY,1899-12-30 18:00:00,1899-12-30 18:00:00,1899-12-30 18:00:00,1,SIRAK MEDHANIE,
19MTT11TTS-6PM,Management of Travel Agency and Ticketing,19MTT11A22,TUESDAY,THURSDAY,SATURDAY,1899-12-30 18:00:00,1899-12-30 18:00:00,1899-12-30 18:00:00,1,SIRAK MEDHANIE,
19MTT12THS-6:40PM,Management of Travel Agency and Ticketing,19MTT12A24,THURSDAY,SATURDAY,,1899-12-30 18:40:00,1899-12-30 18:40:00,,1,TESFALDET FESSEHAYE,
19WEB10MTH-4PM,Web Development,19WEB10A1,MONDAY,THURSDAY,,1899-12-30 16:00:00,1899-12-30 18:40:00,,LAB,FANUEL TEKESTE,
20ACC01FS-6PM,Accounting,20ACC01C3,FRIDAY,SATURDAY,,1899-12-30 18:40:00,1899-12-30 18:40:00,,1,BINIAM TESFALDET,
20ACC02WS-5PM,Accounting,20ACC02C4,WEDNESDAY,SATURDAY,,1899-12-30 17:20:00,1899-12-30 16:00:00,,1,BINIAM TESFALDET,
20ACC08WF-4PM,Accounting,20ACC08C4,WEDNESDAY,FRIDAY,,1899-12-30 16:00:00,1899-12-30 16:00:00,,1,BINIAM TESFALDET,
20DME01TTH-4&5PM,Management of Digital Marketing and E-Commerce,20DME01A1,TUESDAY,THURSDAY,,1899-12-30 16:00:00,1899-12-30 17:20:00,,1,FANUEL TEKESTE,
20DME03TF-5PM,Management of Digital Marketing and E-Commerce,20DME03A2,TUESDAY,FRIDAY,,1899-12-30 17:20:00,1899-12-30 17:20:00,,1 AND LAB,FANUEL TEKESTE,
20MTT01TW-5:20PM,Management of Travel Agency and Ticketing,20MTT01A1,TUESDAY,WEDNESDAY,,1899-12-30 17:20:00,1899-12-30 15:40:00,,1,TESFALDET FESSEHAYE,
20MTT02MT-4PM,Management of Travel Agency and Ticketing,20MTT02D3,MONDAY,TUESDAY,,1899-12-30 16:00:00,1899-12-30 16:00:00,,1,SIRAK MEDHANIE,
20MTT02MTH-4PM,Management of Travel Agency and Ticketing,20MTT02A2,MONDAY,THURSDAY,,1899-12-30 04:00:00,1899-12-30 04:00:00,,1,SIRAK MEDHANIE,
20MTT03MW-6:40PM,Management of Travel Agency and Ticketing,20MTT03A3,MONDAY,WEDNESDAY,,1899-12-30 18:40:00,1899-12-30 18:40:00,,1,SIRAK MEDHANIE,
20MTT08TTH-10AM,Management of Travel Agency and Ticketing,20MTT08A5,TUESDAY,THURSDAY,,1899-12-30 10:00:00,1899-12-30 10:00:00,,1,TESFALDET FESSEHAYE,
20MTT09TTH-4P,Management of Travel Agency and Ticketing,20MTT09D9,TUESDAY,THURSDAY,,1899-12-30 16:30:00,1899-12-30 16:30:00,,1,TESFALDET FESSEHAYE,
20MTT09TTH-5PM,Management of Travel Agency and Ticketing,20MTT09A6,TUESDAY,THURSDAY,,1899-12-30 17:00:00,1899-12-30 17:00:00,,1,TESFALDET FESSEHAYE,
20MTT09WS-3:30PM,Management of Travel Agency and Ticketing,20MTT09A7,WEDNESDAY,SATURDAY,,1899-12-30 15:30:00,1899-12-30 15:30:00,,1,TESFALDET FESSEHAYE,
20MTT10TTS-4PM,Management of Travel Agency and Ticketing,19MTT10A20,TUESDAY,THURSDAY,SATURDAY,1899-12-30 16:00:00,1899-12-30 16:00:00,1899-12-30 16:00:00,1,SIRAK MEDHANIE,
20MTT11MTH-9:30AM,Management of Travel Agency and Ticketing,20MTT11A8,MONDAY,THURSDAY,,1899-12-30 09:30:00,1899-12-30 09:30:00,,1,TESFALDET FESSEHAYE,
20MTT11MTH-9AM,Management of Travel Agency and Ticketing,20MTT11D10,MONDAY,THURSDAY,,1899-12-30 09:30:00,1899-12-30 11:00:00,,1,SIRAK AMANUEL,
20MTT12MW-4PM,Management of Travel Agency and Ticketing,20MTT12D-06,MONDAY,WEDNESDAY,,1899-12-30 16:00:00,1899-12-30 16:00:00,,1,SIRAK MEDHANIE,
20PM01TTS-6PM,Project Management,20PM01A1,TUESDAY,THURSDAY,SATURDAY,1899-12-30 18:00:00,1899-12-30 18:00:00,1899-12-30 18:00:00,1,NAHOM,
20PM03TF-6PM,Project Management,20PM03A2,TUESDAY,FRIDAY,,1899-12-30 18:40:00,1899-12-30 17:20:00,,1,HENOK KIDUS,
20VPS01MW-3PM,Video and Photo Shoot,20VPS01A1,MONDAY,WEDNESDAY,,1899-12-30 15:00:00,1899-12-30 15:00:00,,LAB,NEGASH,
20VPS03WF-4PM,Video and Photo Shoot,20VPS03A2,WEDNESDAY,FRIDAY,,1899-12-30 16:00:00,1899-12-30 16:00:00,,LAB,NEGASH,
20WEB03WS-5PM,Web Development,20WEB03A2,WEDNESDAY,SATURDAY,,1899-12-30 17:20:00,1899-12-30 16:00:00,,LAB,FANUEL TEKESTE,
18ACC08MWF-3PM,Accounting,18ACC08B1,MONDAY,WEDNESDAY,FRIDAY,1899-12-30 15:00:00,1899-12-30 15:00:00,1899-12-30 15:00:00,1,MICHAEL BERHE,
18ACC10MWF-4PM,Accounting,18ACC10B2,MONDAY,WEDNESDAY,FRIDAY,1899-12-30 16:00:00,1899-12-30 16:00:00,1899-12-30 16:00:00,1,MICHAEL BERHE,
19ACC08MWF-3PM,Accounting,19ACC08A1,MONDAY,WEDNESDAY,FRIDAY,1899-12-30 15:00:00,1899-12-30 15:00:00,1899-12-30 15:00:00,1,MICHAEL BERHE,'
19DME10MWF-4PM,Management of Digital Marketing and E-Commerce,19DME10A2,MONDAY,WEDNESDAY,FRIDAY,1899-12-30 16:00:00,1899-12-30 16:00:00,1899-12-30 16:00:00,1,FANUEL TEKESTE,
19MFF08MWF-7PM,Management of Freight Clearing and Forwarding,19MFF08A1,MONDAY,WEDNESDAY,FRIDAY,1899-12-30 19:00:00,1899-12-30 19:00:00,1899-12-30 19:00:00,1,SENAY TEWELDE,
19MFF10MWF-7PM,Management of Freight Clearing and Forwarding,19MFF10A2,MONDAY,WEDNESDAY,FRIDAY,1899-12-30 19:00:00,1899-12-30 19:00:00,1899-12-30 19:00:00,1,SENAY TEWELDE,
19MTT01TTS-6PM,Management of Travel Agency and Ticketing,19MTT01A1,TUESDAY,THURSDAY,SATURDAY,1899-12-30 18:00:00,1899-12-30 18:00:00,1899-12-30 18:00:00,1,SIRAK MEDHANIE,
19MTT02MWF-4PM,Management of Travel Agency and Ticketing,19MTT02A3,MONDAY,WEDNESDAY,FRIDAY,1899-12-30 16:00:00,1899-12-30 16:00:00,1899-12-30 16:00:00,1,SIRAK MEDHANIE,
19MTT02MWF-5PM,Management of Travel Agency and Ticketing,19MTT02A4,MONDAY,WEDNESDAY,FRIDAY,1899-12-30 17:00:00,1899-12-30 17:00:00,1899-12-30 17:00:00,1,SIRAK MEDHANIE,
