ID,StudentASCNo,FileCode,DateOfRegistration,DateOfGraduation,SName,FathersName,GrandFathersName,Gender,Age,BIrthPlace,PhoneNumber,Zoba,City,SubZone,Street,AgeOfStudent,Nationality,IDNo,EducationLevel,PreviousORCurrentschool,Department,CourseTakenInTIT,Completed,FinalExam,Assignment,ClassActivitynAttendance,Overall,GuardiansFullName,Relation,GuardianPhoneNumber,Address,Occupation,StudentsHeathBackground,SPhoto,FirstPayment,FirstPaymentDate,FirstPaymentCheckNo,SecondPayment,SecondPaymentDate,SecondPaymentCheckNo,ThirdPayment,ThirdPaymentDate,ThirdPaymentCheckNo,PaymentCondition,Remark,ClassFee,Total,PaymentCompletion,ManualFileCode,ManualReceptionDate,ManualReturnDate,ManualCondition,ManualRemark,BatchrReceptionDate,BatchReturnDate,BatchRemark
6805,,22DME04A4-03,2022-11-04 00:00:00,,HERMELA,TESFAMARIAM,HAILEMICHAEL,Female,0,,+2917211112,MAEKEL,,TSETSERAT,,20,Eritrean,,12+1,,,,False,,,,,,,,,,,,,,,,,,,,,,,,,,,,,,,,,
6806,,22DME04A4-04,2022-04-15 00:00:00,,HOSAENA,TESFAMARIAM,ANDEMICHAEL,Female,0,,+2917571941,MAEKEL ,,MAI TEMENAY,,24,Eritrean,158298-00019,12+4,,,,False,,,,,,,,,,,,,,,,,,,,,,,,,,,,,,,,,
6807,,22DME04A4-05,2022-04-16 00:00:00,,LYDIA,FISSAHA,MEHARI,Female,0,,+2917286658,MAEKEL,,TIRAVOLO,,33,Eritrean,2161967,12+4,,,,False,,,,,,,,,,,,,,,,,,,,,,,,,,,,,,,,,
6808,,22DME04A4-06,2022-04-15 00:00:00,,MAKRINA,TEWOLDEBRHAN,TESFAGABR,Female,0,,+2917395956,MAEKEL,,CAMPOBOLO,,25,Eritrean,00498028,12+2,,,,False,,,,,,,,,,,,,,,,,,,,,,,,,,,,,,,,,
6809,,22DME04A4-07,2022-04-18 00:00:00,,MIRIAM,TEKESTE,TSEGAY,Female,0,,+2917372666,MAEKEL,,VILLAJO,,29,Eritrean,2235252,12+4,,,,False,,,,,,,,,,,,,,,,,,,,,,,,,,,,,,,,,
6810,,22DME04A4-08,2022-04-15 00:00:00,,RUFTA,MEKURYA,WELDU,Female,0,,+2917571851,MAEKEL,,AKRIA,,27,Eritrean,,12+4,,,,False,,,,,,,,,,,,,,,,,,,,,,,,,,,,,,,,,
6811,,22DME04A4-09,2022-04-26 00:00:00,,SAMRAWIT,WELDEMARIAM,IKET,Female,0,,+2917334929,MAEKEL,,DEMBE SEMBEL,,36,Eritrean,1852929,12+4,,,,False,,,,,,,,,,,,,,,,,,,,,,,,,,,,,,,,,
6812,,22DME04A4-10,2022-04-05 00:00:00,,TIGSTI,MEBRAHTU,GEBRIHIWET,Female,0,,+2917278249,MAEKEL,,AKRIA,,31,Eritrean,2450466,12,,,,False,,,,,,,,,,,,,,,,,,,,,,,,,,,,,,,,,
6813,,22DME04A4-11,2022-05-05 00:00:00,,BINIAM,YACOB,ABRAHA,Male,0,,+2917170428,MAEKEL,,TSETSERAT,,23,Eritrean,,12+1,,,,False,,,,,,,,,,,,,,,,,,,,,,,,,,,,,,,,,
6814,,22DME04A4-12,2022-05-05 00:00:00,,TEMESGEN,MEHARI,TSEGAY,Male,0,,+2917269590,MAEKEL,,GEJERET,,23,Eritrean,,12+1,,,,False,,,,,,,,,,,,,,,,,,,,,,,,,Complete,,,,,,,,
6815,,22MTT04A6-01,2022-04-05 00:00:00,,BETIEL,MENGIS,ZERE,Female,0,,+2917588434,MAEKEL,,GODAIF,,21,Eritrean,130200-00331,12+2,,,,False,,,,,,,,,,,,,,,,,,,,,,,,,,,,,,,,,
6816,,22MTT04A6-02,2022-04-16 00:00:00,,FEVEN,ZAID,SIELE,Female,0,,+2917316403,MAEKEL,,TSETSERAT,,22,Eritrean,135299-00255,12+1,,,,False,,,,,,,,,,,,,,,,,,,,,,,,,,,,,,,,,
6817,,22MTT04A6-03,2022-04-30 00:00:00,,FERUZ,AYUB,ABDELKADER,Female,0,,+2917173049,MAEKEL,,AKRIA,,19,Eritrean,,12+1,,,,False,,,,,,,,,,,,,,,,,,,,,,,,,,,,,,,,,
6818,,22MTT04A6-04,2022-04-15 00:00:00,,HANA,SOLOMON,MELES,Female,0,,+2917704202,MAEKEL,,SEMBEL,,19,Eritrean,00373520,12,,,,False,,,,,,,,,,,,,,,,,,,,,,,,,,,,,,,,,
6819,,22MTT04A6-05,2022-04-30 00:00:00,,MELAT,EYOUB,NGUSE,Female,0,,+2917118721,MAEKEL,,AKRIA,,19,Eritrean,,12,,,,False,,,,,,,,,,,,,,,,,,,,,,,,,,,,,,,,,
6820,,22MTT04A6-06,2022-04-15 00:00:00,,MERHAWI,OKUBAY,BELAY,Male,0,,+2917218256,MAEKEL,,SEMBEL,,21,Eritrean,00558909,12,,,,False,,,,,,,,,,,,,,,,,,,,,,,,,,,,,,,,,
6821,,22MTT04A6-07,2022-04-15 00:00:00,,NIYAT,TESFOM,KIDANE,Female,0,,+2917155028,MAEKEL,,MAI TEMENAY,,23,Eritrean,158299-00289,12+4,,,,False,,,,,,,,,,,,,,,,,,,,,,,,,,,,,,,,,
6822,,22MTT04A6-08,2022-04-21 00:00:00,,RAHWA,HABTU,TEKLE,Female,0,,+2917489203,MAEKEL,,MAEKEL KETEMA,,22,Eritrean,135299-00566,12+1,,,,False,,,,,,,,,,,,,,,,,,,,,,,,,,,,,,,,,
6823,,22MTT04A6-09,2022-04-25 00:00:00,,RODAS,ISSAC,ABRHA,Female,0,,+2917528455,MAEKEL,,GEJERET,,22,Eritrean,130299-00019,12+1,,,,False,,,,,,,,,,,,,,,,,,,,,,,,,,,,,,,,,
6824,,22MTT04A6-10,2022-04-15 00:00:00,,RODAS,ISAK,TSIGHE,Female,0,,+2917537390,MAEKEL,,MAEKEL KETEMA,,20,Eritrean,,12,,,,False,,,,,,,,,,,,,,,,,,,,,,,,,,,,,,,,,
6825,,22MTT04A6-11,,,SAMUEL,MEHARI,YOHANNES,Male,0,,+2917532577,MAEKEL,,TIRAVOLO,,29,Eritrean,2244142,12+5,,,,False,,,,,,,,,,,,,,,,,,,,,,,,,,,,,,,,,
6826,,22MTT04A6-12,2022-04-05 00:00:00,,SARON,HABTOM,MESFUN,Female,0,,+2917162650,MAEKEL,,GODAIF,,20,Eritrean,,12+1,,,,False,,,,,,,,,,,,,,,,,,,,,,,,,,,,,,,,,
6827,,22MTT04A6-13,2022-04-15 00:00:00,,TMNIT,NEGASI,ARAYA,Female,0,,+2917264203,MAEKEL,,BAR JIMA,,23,Eritrean,,12+2,,,,False,,,,,,,,,,,,,,,,,,,,,,,,,,,,,,,,,
6828,,22MTT04A6-14,2022-04-15 00:00:00,,ZINAB,SIUM,GHEBREZGABIHIER,Female,0,,+2917510676,MAEKEL,,TSETSERAT,,28,Eritrean,2097357,12+4,,,,False,,,,,,,,,,,,,,,,,,,,,,,,,,,,,,,,,
6829,,22OMT04A2-01,2022-04-19 00:00:00,,BELAYNESH,GHIRMATSION,GHEBRESLASIE,Female,0,,+2917235866,MAEKEL,,GEZA BANDA,,55,Eritrean,0085303,12,,,,False,,,,,,,,,,,,,,,,,,,,,,,,,,,,,,,,,
6830,,22OMT04A2-02,2022-04-19 00:00:00,,DEHAB,MEBRAHTU,BERHE,Female,0,,+2917167566,MAEKEL,,TIRAVOLO,,60,Eritrean,0935578,12,,,,False,,,,,,,,,,,,,,,,,,,,,,,,,,,,,,,,,
6831,,22OMT04A2-03,2022-04-18 00:00:00,,FANA,BERHANE,ABRAHAM,Female,0,,+2917501946,MAEKEL,,MAEKEL KETEMA,,25,Eritrean,135296-00740,12+4,,,,False,,,,,,,,,,,,,,,,,,,,,,,,,,,,,,,,,
6832,,22OMT04A2-04,2022-04-15 00:00:00,,HELEN,GHEBRENGHUS,GOITOM,Female,0,,+2917295595,MAEKEL,,EMBAGALIANO,,42,Eritrean,1834384,12,,,,False,,,,,,,,,,,,,,,,,,,,,,,,,,,,,,,,,
6833,,22OMT04A2-05,2022-04-14 00:00:00,,LEMLEM,MEHARI,BAHTA,Female,0,,+2917622010,MAEKEL,,ETARO,,23,Eritrean,ASC00348074,12+4,,,,False,,,,,,,,,,,,,,,,,,,,,,,,,,,,,,,,,
6834,,22OMT04A2-06,2022-04-19 00:00:00,,LYDIA,FISSAHA,MEHARI,Female,0,,+2917286658,MAEKEL,,TIRAVOLO,,33,Eritrean,2161967,12+4,,,,False,,,,,,,,,,,,,,,,,,,,,,,,,,,,,,,,,
6835,,22OMT04A2-07,2022-04-19 00:00:00,,MEAZA,MICHAEL,OKBE,Female,0,,+2917234200,MAEKEL,,GEZA BANDA,,53,Eritrean,0949049,12+1,,,,False,,,,,,,,,,,,,,,,,,,,,,,,,,,,,,,,,
6836,,22OMT04A2-08,2022-04-15 00:00:00,,NADIA,TSEGAZEAB,KIDANEMARIAM,Female,0,,+2917268774,MAEKEL,,TIRAVOLO,,28,Eritrean,1706119,12+2,,,,False,,,,,,,,,,,,,,,,,,,,,,,,,,,,,,,,,
6837,,22OMT04A2-09,2022-04-14 00:00:00,,NARDOS,ABRAHAM,ANDEMICHAEL,Female,0,,+2917558465,MAEKEL,,KEHAWTA,,24,Eritrean,130297-00168,12+2,,,,False,,,,,,,,,,,,,,,,,,,,,,,,,,,,,,,,,
6838,,22OMT04A2-10,2022-04-19 00:00:00,,SELAMAWIT,AREFAINE,HAILEMICHAEL,Female,0,,121269,MAEKEL,,EMBAGALIANO,,40,Eritrean,0088271,10,,,,False,,,,,,,,,,,,,,,,,,,,,,,,,,,,,,,,,
6839,,22OMT04A2-11,2022-04-14 00:00:00,,ZEBIB,ZERAY,ARON,Female,0,,+2917572808,MAEKEL,,MHRAMCHIRA,,22,Eritrean,100299-00134,12+3,,,,False,,,,,,,,,,,,,,,,,,,,,,,,,,,,,,,,,
6840,,22OMT04A2-12,2022-04-25 00:00:00,,HERMELA,GHIRMAY,TEKLE,Female,0,,+2917148263,MAEKEL,,GEJERET,,22,Eritrean,130200-00378,12+1,,,,False,,,,,,,,,,,,,,,,,,,,,,,,,,,,,,,,,
6841,,22OMT04A2-13,2022-04-25 00:00:00,,EFOYTA,AMANUEL,ABRHAM,Female,0,,+2917722248,MAEKEL,,TSELOT,,20,Eritrean,00003825,12,,,,False,,,,,,,,,,,,,,,,,,,,,,,,,,,,,,,,,
6842,,22MTT04A6-15,2022-04-16 00:00:00,,YOHANA,GEBRETNSAE,TESFAGIYORGIS,Female,0,,+2917599297,MAEKEL,,KUSHET,,25,Eritrean,130297-00041,12,,,,False,,,,,,,,,,,,,,,,,,,,,,,,,,,,,,,,,
6843,,22MTT04A6-16,2022-06-05 00:00:00,,AKBERET,GIRMAY,MIHTSUN,Female,0,,+2917452985,MAEKEL,,TIRAVOLO,,29,Eritrean,135292-00239,12+1,,,,False,,,,,,,,,,,,,,,,,,,,,,,,,,,,,,,,,
6844,,22MTT04A6-17,2022-06-05 00:00:00,,HERMELA,GHIRMAY,TEKIE,Female,0,,+2917148263,MAEKEL,,GEJERET,,22,Eritrean,130200-00378,12+1,,,,False,,,,,,,,,,,,,,,,,,,,,,,,,,,,,,,,,
6845,ASC00307713,22MTT05A7-01,2022-04-27 00:00:00,,ARIAM,TEKLU,ANDEBRHAN,Female,0,,+2917511454,MAEKEL,,AKRIA,,26,Eritrean,,12+4,,,,False,,,,,,,,,,,,,,,,,,,,,,,,,,,,,,,,,
6846,,22MTT05A7-02,2022-04-25 00:00:00,,BETELIHEM,DANIEL,FESHATSION,Female,0,,+2917165998,MAEKEL,,G.BANDA HABESHA,,22,Eritrean,100299-00227,12,,,,False,,,,,,,,,,,,,,,,,,,,,,,,,,,,,,,,,
6847,ASC00434985,22MTT05A7-03,2022-04-29 00:00:00,,BISRAT,TEKIE,BERHANE,Female,0,,+2917160621,MAEKEL,,4TE ASMARA,,25,Eritrean,,12+3,,,,False,,,,,,,,,,,,,,,,,,,,,,,,,,,,,,,,,
6848,,22MTT05A7-04,2022-04-18 00:00:00,,LUNA,BINYAM,GEBREGIORGIS,Female,0,,+2917491301,MAEKEL,,SEMBEL,,20,Eritrean,135202-00102,12,,,,False,,,,,,,,,,,,,,,,,,,,,,,,,,,,,,,,,
6849,,22MTT05A7-05,2022-04-20 00:00:00,,MUKOT,TESFAY,ABRAHA,Female,0,,+2917550555,MAEKEL,,EDAGA HAMUS,,22,Eritrean,400298-00089,12+2,,,,False,,,,,,,,,,,,,,,,,,,,,,,,,,,,,,,,,
6850,,22MTT05A7-06,2022-04-05 00:00:00,,NATSNET,ATAKLTI,TSEHAYE,Female,0,,+2917532007,MAEKEL,,SEMBEL,,27,Eritrean,135295-00631,12,,,,False,,,,,,,,,,,,,,,,,,,,,,,,,,,,,,,,,
6851,,22MTT05A7-07,2022-04-18 00:00:00,,SEBAH,JEMAL,HAGOS,Female,0,,+2917182116,MAEKEL,,GALA NEFHI,,22,Eritrean,16477A,12,,,,False,,,,,,,,,,,,,,,,,,,,,,,,,,,,,,,,,
6852,,22MTT05A7-08,2022-04-26 00:00:00,,SINA,BEREKET,ARAYA,Female,0,,+2917117209,MAEKEL,,GEJERET,,18,Eritrean,ASC00463791,11,,,,False,,,,,,,,,,,,,,,,,,,,,,,,,,,,,,,,,
6853,,22MTT05A7-09,2022-04-19 00:00:00,,YORSALIEM,MATIWOS,EYOB,Female,0,,+2917742162,MAEKEL,,ADI ABEYTO,,20,Eritrean,135201-00171,12+1,,,,False,,,,,,,,,,,,,,,,,,,,,,,,,,,,,,,,,
6854,,22MTT05A7-10,2022-12-05 00:00:00,,DIANA,HABTOM,ZEWENGEL,Female,0,,+2917722325,MAEKEL,,GALA NEFHI,,24,Eritrean,130298-0000546,12+2,,,,False,,,,,,,,,,,,,,,,,,,,,,,,,,,,,,,,,
6855,,22MTT05A8-01,2022-04-18 00:00:00,,ASMAIT,TEKLE,WELDEYOHANS,Female,0,,+2917491216,MAEKEL,,BAR JIMA,,27,Eritrean,,12+3,,,,False,,,,,,,,,,,,,,,,,,,,,,,,,,,,,,,,,
6856,,22MTT05A8-02,2022-04-16 00:00:00,,AYDA,YEMANE,HAILEMARIAM,Female,0,,+2917432988,MAEKEL,,GEZABANDA,,35,Eritrean,,12+2,,,,False,,,,,,,,,,,,,,,,,,,,,,,,,,,,,,,,,
6857,,22MTT05A8-03,2022-04-15 00:00:00,,BIETELIHEM,TEKIE,BOKRETSION,Female,0,,+2917428242,MAEKEL,,MAI TEMENAY,,26,Eritrean,158296-00140,12+1,,,,False,,,,,,,,,,,,,,,,,,,,,,,,,,,,,,,,,
6858,,22MTT05A8-04,2022-04-18 00:00:00,,FIERUZ,TEKLEAB,TSEGAY,Female,0,,+2917143397,MAEKEL,,MAI CHIHOT,,27,Eritrean,135295-00578,12+3,,,,False,,,,,,,,,,,,,,,,,,,,,,,,,,,,,,,,,
6859,,22MTT05A8-05,2022-04-28 00:00:00,,FURTUNA,SOLOMON,TEKLU,Female,0,,+2917569872,MAEKEL,,SEMBEL,,24,Eritrean,,12+4,,,,False,,,,,,,,,,,,,,,,,,,,,,,,,,,,,,,,,
6860,,22MTT05A8-06,2022-04-15 00:00:00,,RAHEL,GEBREHIWET,TEKESTE,Female,0,,+2917548746,MAEKEL,,MAI TEMENAY,,24,Eritrean,00414031,12+1,,,,False,,,,,,,,,,,,,,,,,,,,,,,,,,,,,,,,,
6861,,22MTT05A8-07,2022-04-25 00:00:00,,YOHANA,NEGASSI,HAGOS,Female,0,,+2917173943,MAEKEL,,MAEKEL KETEMA,,30,Eritrean,2247169,12+2,,,,False,,,,,,,,,,,,,,,,,,,,,,,,,,,,,,,,,
6862,,22MFF04A2-01,2022-04-15 00:00:00,,ABEL,TADESSE,ABRAHA,Male,0,,+2917645021,MAEKEL,,EDAGA HAMUS,,24,Eritrean,158197-00203,12+2,,,,False,,,,,,,,,,,,,,,,,,,,,,,,,,,,,,,,,
6863,,22MFF04A2-02,2022-04-18 00:00:00,,ANDOM,HAGOS,NUGUSSE,Male,0,,+2917633667,MAEKEL,,MAI CHIHOT,,44,Eritrean,1860791,12,,,,False,,,,,,,,,,,,,,,,,,,,,,,,,,,,,,,,,
6864,,22MFF04A2-03,2022-04-15 00:00:00,,ARIAM,EPHREM,WELDESEMAYAT,Female,0,,+2917125651,MAEKEL,,DA GERMAN,,31,Eritrean,20297-00004,12,,,,False,,,,,,,,,,,,,,,,,,,,,,,,,,,,,,,,,
6865,,22MFF04A2-04,2022-04-15 00:00:00,,ARSIEMA,GOITOM,TEKLE,Female,0,,+2917572400,MAEKEL,,GEZA BANDA,,24,Eritrean,135298-00002,12+4,,,,False,,,,,,,,,,,,,,,,,,,,,,,,,,,,,,,,,
6866,,22MFF04A2-05,2022-04-15 00:00:00,,DELINA,YEMANE,TEFERI,Female,0,,+2917388946,MAEKEL,,GEJERET,,18,Eritrean,,12+1,,,,False,,,,,,,,,,,,,,,,,,,,,,,,,,,,,,,,,
6867,,22MFF04A2-06,2022-04-18 00:00:00,,FIERUZ,TEKLEAB,TSEGAY,Female,0,,+2917143397,MAEKEL,,MAICHIHOT,,27,Eritrean,135295-00578,12+3,,,,False,,,,,,,,,,,,,,,,,,,,,,,,,,,,,,,,,
6868,,22MFF04A2-07,2022-04-15 00:00:00,,KEBRON,MOGOS,ASEFAW,Male,0,,+2917386654,MAEKEL,,ABA SHAWL,,20,Eritrean,100101-00125,12+2,,,,False,,,,,,,,,,,,,,,,,,,,,,,,,,,,,,,,,
6869,,22MFF04A2-08,2022-04-15 00:00:00,,MEDHANIT,ZERE,MEHARI,Female,0,,+2917308403,MAEKEL,,PARADIZO,,24,Eritrean,158298-00337,12+1,,,,False,,,,,,,,,,,,,,,,,,,,,,,,,,,,,,,,,
6870,,22MFF04A2-09,2022-04-15 00:00:00,,RUFTA,MEKURYA,WELDU,Female,0,,+2917571851,MAEKEL,,AKRIA,,27,Eritrean,,12+4,,,,False,,,,,,,,,,,,,,,,,,,,,,,,,,,,,,,,,
6871,,22MFF04A2-10,2022-04-15 00:00:00,,SENAE,NURHUSSIEN,BESHIR,Female,0,,+2917564530,MAEKEL,,AKRIA,,25,Eritrean,100297-00152,12+4,,,,False,,,,,,,,,,,,,,,,,,,,,,,,,,,,,,,,,
6872,,22MFF04A2-11,2022-12-05 00:00:00,,WINTA,SAMUEL,TEKESTE,Female,0,,+2917135813,MAEKEL,,TIRAVOLO,,23,Eritrean,,12,,,,False,,,,,,,,,,,,,,,,,,,,,,,,,,,,,,,,,
6873,,22MFF04A2-12,2022-12-05 00:00:00,,LIDYA,TESFATSION,TIKABO,Female,0,,+2917171692,MAEKEL,,GEJERET,,23,Eritrean,130297-00397,12,,,,False,,,,,,,,,,,,,,,,,,,,,,,,,,,,,,,,,
6874,,22BMT05A3-01,2022-04-17 00:00:00,,ADONAY,KASSA,MEKONEN,Female,0,,+2917629523,MAEKEL,,GODAYF,,32,Eritrean,1132452,12+1,,,,False,,,,,,,,,,,,,,,,,,,,,,,,,,,,,,,,,
6875,,22BMT05A3-02,2022-04-20 00:00:00,,HEAVEN,HAILE,NIGUSE,Female,0,,+2917616894,MAEKEL,,TIRAVOLO,,20,Eritrean,ASC00563739,12+2,,,,False,,,,,,,,,,,,,,,,,,,,,,,,,,,,,,,,,
6876,,22BMT05A3-03,2022-04-05 00:00:00,,LUWAM,KELETA,KIBROM,Female,0,,+2917456363,MAEKEL,,ADI GUAEDAD,,18,Eritrean,0133913D,12+1,,,,False,,,,,,,,,,,,,,,,,,,,,,,,,,,,,,,,,
6877,,22BMT05A3-04,2022-04-05 00:00:00,,NEBIAT,YKEALO,WELDEGEBRIEL,Female,0,,+2917424413,MAEKEL,,PARADIZO,,22,Eritrean,,12+1,,,,False,,,,,,,,,,,,,,,,,,,,,,,,,,,,,,,,,
6878,,22BMT05A3-05,2022-04-15 00:00:00,,SARA,GHEBREGZIABHER,GAYIM,Female,0,,+2917137051,MAEKEL,,TIRAVOLO,,22,Eritrean,,12+1,,,,False,,,,,,,,,,,,,,,,,,,,,,,,,,,,,,,,,
6879,,22BMT05A3-06,2022-06-05 00:00:00,,SEMHAR,YEMANE,TESFU,Female,0,,+2917283862,MAEKEL,,PARADIZ,,24,Eritrean,2158138,12+1,,,,False,,,,,,,,,,,,,,,,,,,,,,,,,,,,,,,,,
6880,,22BMT05A3-07,2022-04-20 00:00:00,,YOHANNES,MELAKE,KELETE,Male,0,,+2917161695,MAEKEL,,TSETSERAT,,62,Eritrean,0909106,12+2,,,,False,,,,,,,,,,,,,,,,,,,,,,,,,,,,,,,,,
6881,,22BMT05A3-08,2022-04-19 00:00:00,,YONATAN,KIFLE,ZEREZGHI,Female,0,,+2917552962,MAEKEL,,ABA SHAWL,,28,Eritrean,100193-00065,12+5,,,,False,,,,,,,,,,,,,,,,,,,,,,,,,,,,,,,,,
6882,,22BMT05A3-09,2022-05-04 00:00:00,,HUDA,FEREJ,SEID,Female,0,,+2917640196,MAEKEL,,AKRIA,,22,Eritrean,,12+1,,,,False,,,,,,,,,,,,,,,,,,,,,,,,,,,,,,,,,
6883,,22BMT05A3-10,2022-04-05 00:00:00,,MAHFUZ,HASEBREBI,ISMAEL,Male,0,,+2917139687,MAEKEL,,AKRIA,,24,Eritrean,,12+2,,,,False,,,,,,,,,,,,,,,,,,,,,,,,,,,,,,,,,
6884,,22BMT05A3-11,2022-05-14 00:00:00,,ARON,EMBAYE,MOGOS,Male,0,,+2917113318,MAEKEL,,MAI TEMENAY,,42,Eritrean,158180-00044,12,,,,False,,,,,,,,,,,,,,,,,,,,,,,,,,,,,,,,,
6885,,22BMT05A3-12,2022-05-13 00:00:00,,ZAHRA,KELIFA,MOHAMMED,Female,0,,+2917323141,MAEKEL,,GEZA BANDA,,22,Eritrean,ASC00576561,12+2,,,,False,,,,,,,,,,,,,,,,,,,,,,,,,,,,,,,,,
6886,,22BMT05A3-13,2022-05-14 00:00:00,,HERMON,HABTETSION,AREFAYNE,Female,0,,+2917394723,MAEKEL,,TSETSERAT,,22,Eritrean,158200-00164,12+1,,,,False,,,,,,,,,,,,,,,,,,,,,,,,,,,,,,,,,
6887,,22ACC04A6-08,2022-12-04 00:00:00,,HILARY,ABRHAM,YOSIEF,Female,0,,+2917502459,MAEKEL,,GEZABANDA,,18,Eritrean,09006980,12,,,,False,,,,,,,,,,,,,,,,,,,,,,,,,,,,,,,,,
6888,,22ACC04A6-09,2022-12-04 00:00:00,,SAMRAWIT,ARAYA,FISSIHA,Female,0,,+2917216117,MAEKEL,,ALPHA ROMEO,,29,Eritrean,2220963,12+4,,,,False,,,,,,,,,,,,,,,,,,,,,,,,,,,,,,,,,
6889,,22ACC04A6-10,2022-12-04 00:00:00,,MAKDA,IBRAHIM,REZENE,Female,0,,+2917432223,MAEKEL,,MAI TEMENAY,,24,Eritrean,300297-00018,12+1,,,,False,,,,,,,,,,,,,,,,,,,,,,,,,,,,,,,,,
6890,,22ACC04A6-11,2022-04-18 00:00:00,,SALIEM,BRHANE,SOLOMON,Female,0,,+2917577139,MAEKEL,,M. DENDEN,,19,Eritrean,,12+1,,,,False,,,,,,,,,,,,,,,,,,,,,,,,,,,,,,,,,
6891,,22ACC04A6-12,2022-04-20 00:00:00,,BETIEL,GHIRMAY,KELATI,Female,0,,+2917540065,MAEKEL,,EDAGA HAMUS,,21,Eritrean,,12,,,,False,,,,,,,,,,,,,,,,,,,,,,,,,,,,,,,,,
6892,,22ACC04A6-13,2022-04-20 00:00:00,,GHIDEI,KUBROM,MICHAEL,Female,0,,+2917135900,MAEKEL,,20/04/2022,,54,Eritrean,0085891,12+4,,,,False,,,,,,,,,,,,,,,,,,,,,,,,,,,,,,,,,
6893,,22ACC04A6-14,2022-04-20 00:00:00,,WEINI,GHIRMAY,BRHANE,Female,0,,+2917601046,MAEKEL,,GEJERET,,28,Ethiopian,1707895,12+1,,,,False,,,,,,,,,,,,,,,,,,,,,,,,,,,,,,,,,
6894,,22ACC04A6-15,2022-04-20 00:00:00,,YORDANOS,BRHANE,TESFAZGI,Female,0,,+2917546119,MAEKEL,,SEMBEL,,24,Eritrean,135297-00318,12+1,,,,False,,,,,,,,,,,,,,,,,,,,,,,,,,,,,,,,,
6895,,22ACC04A6-16,2022-04-20 00:00:00,,LUNA,ASGEDE,GEBREMESKEL,Female,0,,+2917180211,MAEKEL,,TIRAVOLO,,28,Eritrean,135294-00010,12+1,,,,False,,,,,,,,,,,,,,,,,,,,,,,,,,,,,,,,,
6909,,22PMT04A2-12,2022-05-21 00:00:00,,EVEN,TEUM,YASSIN,Male,0,,+2917136649,MAEKEL,,KUSHET,,23,Eritrean,135198-00109,12+3,,,,False,,,,,,,,,,,,,,,,,,,,,,,,,,,,,,,,,
6912,,22MTT05A8-08,2022-05-20 00:00:00,,YODIT,MEBRAHTU,ASFHA,Female,0,,+2917497128,GASH BARKA,,TESENEY,,27,Eritrean,,12+1,,,,False,,,,,,,,,,,,,,,,,,,,,,,,,,,,,,,,,
6913,,22MTT05A8-09,,,MERRY,YOWHANNS,ABRHA,Female,0,,+2917609042,DEBUB,,DEBARWA,,22,Eritrean,0669880,12+1,,,,False,,,,,,,,,,,,,,,,,,,,,,,,,,,,,,,,,
6914,,22MTT05A8-10,2022-05-27 00:00:00,,MAKDA,TEWELDE,DAWIT,Female,0,,+2917344820,MAEKEL,,AKRIA,,30,Eritrean,,12,,,,False,,,,,,,,,,,,,,,,,,,,,,,,,,,,,,,,,
6915,,22PMT04A2-13,2022-04-05 00:00:00,,SEMHAR,YEMANE,TESFU,Female,0,,+2917283562,MAEKEL,,GEJERET,,29,Eritrean,2158138,12+1,,,,False,,,,,,,,,,,,,,,,,,,,,,,,,,,,,,,,,
6916,,22MTT05A7-11,2022-05-18 00:00:00,,SARINA,TESFAMARIAM,GEBRESLASE,Female,0,,+2917771500,DEBUB,,DEKEMHARE,,18,Eritrean,,11,,,,False,,,,,,,,,,,,,,,,,,,,,,,,,,,,,,,,,
6917,,22MTT05A7-12,2022-05-25 00:00:00,,TIEGSTI,MIHRETEAB,TEKLE,Female,0,,+2917531764,MAEKEL,,GEZABANDA,,25,Eritrean,ASC00581010,10,,,,False,,,,,,,,,,,,,,,,,,,,,,,,,,,,,,,,,
6918,,22MTT05A7-13,2022-05-26 00:00:00,,HANAN,OSMAN,MOHAMMED,Female,0,,+2917525077,MAEKEL,,ADI GUAEDAD,,24,Eritrean,,12,,,,False,,,,,,,,,,,,,,,,,,,,,,,,,,,,,,,,,
6919,,22OMT04A2-14,2022-05-17 00:00:00,,CANARY,AMANUEL,GHEBREMARIAM,Female,0,,+2917275506,MAEKEL,,MAEKEL KETEMA,,25,Eritrean,135294-00348,12+1,,,,False,,,,,,,,,,,,,,,,,,,,,,,,,,,,,,,,,
